"Timestamp","Do you plan to vote in 2019 election?","According to your opinion, in your area which party has the highest possibility of wining the next presidential election ?","Who are you planning to vote in the coming election ?","Reason for above selection ?","What is the most important factor you will consider when voting ?","What is your age range?","Male / Female","What is your religion?","What is your highest educational qualification?","What is your current employment status ?","What is your ethnicity?","Your province?","District","Who do you think has the best expertise in the area of national security? ","Who do you think has the best expertise in the area of national development? ","Which candidate has the best answer for unemployment?","Which candidate has the best answer for cost of living?","Which candidate has the best answer to religious and ethnic issues?"
"2019/10/31 9:47:48 am GMT+5:30","Not sure","Sri Lanka Podujana Peramuna (SLPP)","Anura Kumara Dissanayake (National People's Power)","They do not need to election just only participate","National security","25 - 35","Male","Buddhism","Degree / Higher diploma or Professional qualification","Private Sector employee","Sinhala","Western","Gampaha","","","","",""
"2019/11/04 2:27:48 pm GMT+5:30","Yes","National People's Party (NPP)","Mahesh Senanayake (National People's Party)","","National development","Less than 25","Female","Buddhism","Degree / Higher diploma or Professional qualification","Private Sector employee","Sinhala","Southern","Galle","Mahesh Senanayake","Nandasena Gotabaya Rajapaksa","Other","","Nandasena Gotabaya Rajapaksa"
"2019/11/04 2:31:52 pm GMT+5:30","Yes","New Democratic Front (NDF)","Sajith Premadasa (New Democratic Front)","Comparatively better than the rest of them","Cost of living","Less than 25","Female","Buddhism","Degree / Higher diploma or Professional qualification","Private Sector employee","Sinhala","Western","Colombo","Mahesh Senanayake","Sajith Premadasa","Mahesh Senanayake","Sajith Premadasa","Sajith Premadasa"
"2019/11/04 2:37:12 pm GMT+5:30","No","Sri Lanka Podujana Peramuna (SLPP)","Nandasena Gotabaya Rajapaksa (Sri Lanka Podujana Peramuna)","I think he will be a better ruler than other presidents ","National security","Less than 25","Female","Buddhism","Degree / Higher diploma or Professional qualification","Stuent","Sinhala","Western","Colombo","Nandasena Gotabaya Rajapaksa","Nandasena Gotabaya Rajapaksa","Sajith Premadasa","Sajith Premadasa","Nandasena Gotabaya Rajapaksa"
"2019/11/04 2:40:28 pm GMT+5:30","Yes","National People's Party (NPP)","Sajith Premadasa (New Democratic Front)","He works for our country ","National development","Less than 25","Male","Buddhism","A/L","Private Sector employee","Sinhala","Southern","Galle","Sajith Premadasa","Mahesh Senanayake","Sajith Premadasa","Sajith Premadasa","Mahesh Senanayake"
"2019/11/04 2:40:46 pm GMT+5:30","Not sure","New Democratic Front (NDF)","Other","Lost","National development","Less than 25","Female","Buddhism","Degree / Higher diploma or Professional qualification","Private Sector employee","Sinhala","Western","Colombo","Nandasena Gotabaya Rajapaksa","Nandasena Gotabaya Rajapaksa","Other","Sajith Premadasa","Mahesh Senanayake"
"2019/11/04 2:44:10 pm GMT+5:30","Yes","Sri Lanka Podujana Peramuna (SLPP)","Nandasena Gotabaya Rajapaksa (Sri Lanka Podujana Peramuna)","","National security","35 - 55","Female","Buddhism","Degree / Higher diploma or Professional qualification","Private Sector employee","Sinhala","Western","Gampaha","Nandasena Gotabaya Rajapaksa","Other","Nandasena Gotabaya Rajapaksa","Nandasena Gotabaya Rajapaksa","Nandasena Gotabaya Rajapaksa"
"2019/11/04 2:44:36 pm GMT+5:30","No","New Democratic Front (NDF)","Sajith Premadasa (New Democratic Front)","Educational qualifications ","Cost of living","Less than 25","Female","Islam","Degree / Higher diploma or Professional qualification","Housewife","Sri Lankan Moor","Western","Colombo","Sajith Premadasa","Nandasena Gotabaya Rajapaksa","Sajith Premadasa","Sajith Premadasa","Anura Kumara Dissanayake"
"2019/11/04 2:47:34 pm GMT+5:30","Yes","Sri Lanka Podujana Peramuna (SLPP)","Nandasena Gotabaya Rajapaksa (Sri Lanka Podujana Peramuna)","He is protect our country ","National security","Less than 25","Male","Buddhism","A/L","Private Sector employee","Sinhala","Western","Colombo","Nandasena Gotabaya Rajapaksa","Nandasena Gotabaya Rajapaksa","Nandasena Gotabaya Rajapaksa","Nandasena Gotabaya Rajapaksa","Nandasena Gotabaya Rajapaksa"
"2019/11/04 2:48:12 pm GMT+5:30","Yes","New Democratic Front (NDF)","Sajith Premadasa (New Democratic Front)","We donâ€™t want to go back to an era where people to live with fear ","Ethnic issues","35 - 55","Male","Buddhism","Degree / Higher diploma or Professional qualification","Private Sector employee","Sinhala","Western","Colombo","Sajith Premadasa","Sajith Premadasa","Sajith Premadasa","Sajith Premadasa","Sajith Premadasa"
"2019/11/04 2:53:22 pm GMT+5:30","Yes","National People's Party (NPP)","Mahesh Senanayake (National People's Party)","Major parties havent done anything as far as i know","National security","25 - 35","Male","Buddhism","A/L","Stuent","Sinhala","Southern","Galle","Mahesh Senanayake","Mahesh Senanayake","Nandasena Gotabaya Rajapaksa","Nandasena Gotabaya Rajapaksa","Mahesh Senanayake"
"2019/11/04 2:53:30 pm GMT+5:30","Yes","Sri Lanka Podujana Peramuna (SLPP)","Nandasena Gotabaya Rajapaksa (Sri Lanka Podujana Peramuna)","","National security","35 - 55","Male","Buddhism","A/L","Self-employed","Sinhala","North Western","Puttalam","Nandasena Gotabaya Rajapaksa","Nandasena Gotabaya Rajapaksa","Anura Kumara Dissanayake","Sajith Premadasa","Nandasena Gotabaya Rajapaksa"
"2019/11/04 3:11:07 pm GMT+5:30","Not sure","Sri Lanka Podujana Peramuna (SLPP)","Other","","National development","Less than 25","Male","Catholic","Degree / Higher diploma or Professional qualification","Stuent","Sinhala","Western","Gampaha","Nandasena Gotabaya Rajapaksa","Nandasena Gotabaya Rajapaksa","Sajith Premadasa","Sajith Premadasa","Sajith Premadasa"
"2019/11/04 3:17:14 pm GMT+5:30","No","Sri Lanka Podujana Peramuna (SLPP)","Mahesh Senanayake (National People's Party)","Wadak karapu charithayak ","National development","25 - 35","Male","Buddhism","Degree / Higher diploma or Professional qualification","Private Sector employee","Sinhala","Western","Gampaha","Nandasena Gotabaya Rajapaksa","Nandasena Gotabaya Rajapaksa","Nandasena Gotabaya Rajapaksa","Nandasena Gotabaya Rajapaksa","Nandasena Gotabaya Rajapaksa"
"2019/11/04 3:19:14 pm GMT+5:30","Yes","New Democratic Front (NDF)","Sajith Premadasa (New Democratic Front)","","National development","Greater than 55","Male","Catholic","Master's degree","Self-employed","Sinhala","Western","Gampaha","Nandasena Gotabaya Rajapaksa","Sajith Premadasa","Sajith Premadasa","Sajith Premadasa","Sajith Premadasa"
"2019/11/04 4:06:45 pm GMT+5:30","Yes","Sri Lanka Podujana Peramuna (SLPP)","Sajith Premadasa (New Democratic Front)","Best chance at an average life ","National development","Less than 25","Female","Catholic","Degree / Higher diploma or Professional qualification","Private Sector employee","Sinhala","Western","Colombo","Nandasena Gotabaya Rajapaksa","Nandasena Gotabaya Rajapaksa","Sajith Premadasa","","Sajith Premadasa"
"2019/11/04 4:10:22 pm GMT+5:30","Yes","Sri Lanka Podujana Peramuna (SLPP)","Other","No clue on whom to vote as yet","National security","Less than 25","Female","Catholic","Degree / Higher diploma or Professional qualification","Private Sector employee","Sinhala","Western","Colombo","Other","Other","Other","Other","Other"
"2019/11/04 4:15:10 pm GMT+5:30","Yes","Sri Lanka Podujana Peramuna (SLPP)","Other","","National development","Less than 25","Female","Catholic","Degree / Higher diploma or Professional qualification","Stuent","Sinhala","Western","Colombo","Nandasena Gotabaya Rajapaksa","Anura Kumara Dissanayake","Anura Kumara Dissanayake","Anura Kumara Dissanayake","Anura Kumara Dissanayake"
"2019/11/04 4:32:33 pm GMT+5:30","Not sure","Sri Lanka Podujana Peramuna (SLPP)","Other","","National development","25 - 35","Female","Buddhism","Degree / Higher diploma or Professional qualification","Stuent","Sinhala","Southern","Galle","Nandasena Gotabaya Rajapaksa","Nandasena Gotabaya Rajapaksa","Other","Nandasena Gotabaya Rajapaksa","Nandasena Gotabaya Rajapaksa"
"2019/11/04 5:27:45 pm GMT+5:30","Yes","New Democratic Front (NDF)","Sajith Premadasa (New Democratic Front)","","National development","Less than 25","Female","Catholic","Degree / Higher diploma or Professional qualification","Private Sector employee","Indian Tamil","Western","Colombo","Nandasena Gotabaya Rajapaksa","Sajith Premadasa","Sajith Premadasa","Sajith Premadasa","Sajith Premadasa"
"2019/11/04 6:13:07 pm GMT+5:30","Yes","New Democratic Front (NDF)","Sajith Premadasa (New Democratic Front)","Anyone but Gota tbh ","National development","Less than 25","Female","Catholic","Degree / Higher diploma or Professional qualification","Stuent","Sinhala","Western","Colombo","Mahesh Senanayake","Nandasena Gotabaya Rajapaksa","Anura Kumara Dissanayake","Mahesh Senanayake","Mahesh Senanayake"
"2019/11/04 6:20:20 pm GMT+5:30","Yes","Sri Lanka Podujana Peramuna (SLPP)","Other","","Religious issues","Less than 25","Female","Catholic","Degree / Higher diploma or Professional qualification","Self-employed","Sri Lankan Tamil","Western","Colombo","Nandasena Gotabaya Rajapaksa","Nandasena Gotabaya Rajapaksa","Sajith Premadasa","Sajith Premadasa","Sajith Premadasa"
"2019/11/04 6:59:35 pm GMT+5:30","Yes","Sri Lanka Podujana Peramuna (SLPP)","Nandasena Gotabaya Rajapaksa (Sri Lanka Podujana Peramuna)","He is the only suitable candidate with a proper plan ","National security","35 - 55","Male","Buddhism","Master's degree","Private Sector employee","Sinhala","Western","Colombo","Nandasena Gotabaya Rajapaksa","Nandasena Gotabaya Rajapaksa","Nandasena Gotabaya Rajapaksa","Nandasena Gotabaya Rajapaksa","Nandasena Gotabaya Rajapaksa"
"2019/11/04 7:03:43 pm GMT+5:30","Yes","Sri Lanka Podujana Peramuna (SLPP)","Nandasena Gotabaya Rajapaksa (Sri Lanka Podujana Peramuna)","","National security","25 - 35","Male","Buddhism","Degree / Higher diploma or Professional qualification","Private Sector employee","Sinhala","Southern","Galle","Nandasena Gotabaya Rajapaksa","Nandasena Gotabaya Rajapaksa","Nandasena Gotabaya Rajapaksa","Nandasena Gotabaya Rajapaksa","Nandasena Gotabaya Rajapaksa"
"2019/11/04 7:06:20 pm GMT+5:30","Yes","Sri Lanka Podujana Peramuna (SLPP)","Nandasena Gotabaya Rajapaksa (Sri Lanka Podujana Peramuna)","","National development","25 - 35","Male","Buddhism","Degree / Higher diploma or Professional qualification","Private Sector employee","Sinhala","Western","Colombo","Nandasena Gotabaya Rajapaksa","Nandasena Gotabaya Rajapaksa","Nandasena Gotabaya Rajapaksa","Nandasena Gotabaya Rajapaksa","Nandasena Gotabaya Rajapaksa"
"2019/11/04 7:06:48 pm GMT+5:30","Yes","Sri Lanka Podujana Peramuna (SLPP)","Nandasena Gotabaya Rajapaksa (Sri Lanka Podujana Peramuna)","Better than others ","National development","25 - 35","Male","Buddhism","Master's degree","Private Sector employee","Sinhala","Western","Colombo","Nandasena Gotabaya Rajapaksa","Nandasena Gotabaya Rajapaksa","Nandasena Gotabaya Rajapaksa","Nandasena Gotabaya Rajapaksa","Nandasena Gotabaya Rajapaksa"
"2019/11/04 7:14:17 pm GMT+5:30","No","New Democratic Front (NDF)","Mahesh Senanayake (National People's Party)","N/A","National development","35 - 55","Male","Buddhism","Master's degree","Private Sector employee","Sinhala","Western","Colombo","Mahesh Senanayake","Sajith Premadasa","Sajith Premadasa","Sajith Premadasa","Mahesh Senanayake"
"2019/11/04 7:21:42 pm GMT+5:30","Yes","Sri Lanka Podujana Peramuna (SLPP)","Nandasena Gotabaya Rajapaksa (Sri Lanka Podujana Peramuna)","He has a vision about srilanka","National security","25 - 35","Female","Buddhism","Degree / Higher diploma or Professional qualification","Private Sector employee","Sinhala","Southern","Galle","Nandasena Gotabaya Rajapaksa","Nandasena Gotabaya Rajapaksa","Nandasena Gotabaya Rajapaksa","Nandasena Gotabaya Rajapaksa","Nandasena Gotabaya Rajapaksa"
"2019/11/04 7:31:46 pm GMT+5:30","Yes","Sri Lanka Podujana Peramuna (SLPP)","Nandasena Gotabaya Rajapaksa (Sri Lanka Podujana Peramuna)","","National security","35 - 55","Male","Buddhism","Degree / Higher diploma or Professional qualification","Private Sector employee","Sinhala","Western","Kalutara","Nandasena Gotabaya Rajapaksa","Nandasena Gotabaya Rajapaksa","Nandasena Gotabaya Rajapaksa","Nandasena Gotabaya Rajapaksa","Nandasena Gotabaya Rajapaksa"
"2019/11/04 8:04:56 pm GMT+5:30","Yes","Sri Lanka Podujana Peramuna (SLPP)","Nandasena Gotabaya Rajapaksa (Sri Lanka Podujana Peramuna)","","Employment opportunities","35 - 55","Female","Buddhism","Degree / Higher diploma or Professional qualification","Private Sector employee","Sinhala","Western","Colombo","Nandasena Gotabaya Rajapaksa","Nandasena Gotabaya Rajapaksa","Nandasena Gotabaya Rajapaksa","Nandasena Gotabaya Rajapaksa","Nandasena Gotabaya Rajapaksa"
"2019/11/04 8:25:28 pm GMT+5:30","Not sure","Other","Other","Not interested in 'Corrupted Politics'.","Other","25 - 35","Female","Buddhism","Degree / Higher diploma or Professional qualification","Unemployed","Sinhala","Western","Colombo","Mahesh Senanayake","Nandasena Gotabaya Rajapaksa","Other","Other","Other"
"2019/11/04 8:34:28 pm GMT+5:30","Yes","National People's Power (NPP)","Anura Kumara Dissanayake (National People's Power)","","National development","25 - 35","Male","Buddhism","Degree / Higher diploma or Professional qualification","Private Sector employee","Sinhala","Western","Colombo","Mahesh Senanayake","Anura Kumara Dissanayake","Anura Kumara Dissanayake","Anura Kumara Dissanayake","Nandasena Gotabaya Rajapaksa"
"2019/11/04 8:53:03 pm GMT+5:30","Yes","Sri Lanka Podujana Peramuna (SLPP)","Nandasena Gotabaya Rajapaksa (Sri Lanka Podujana Peramuna)","For the protection and development of the country","National development","Less than 25","Male","Buddhism","Degree / Higher diploma or Professional qualification","Private Sector employee","Sinhala","Western","Gampaha","Nandasena Gotabaya Rajapaksa","Nandasena Gotabaya Rajapaksa","Nandasena Gotabaya Rajapaksa","Nandasena Gotabaya Rajapaksa","Nandasena Gotabaya Rajapaksa"
"2019/11/04 9:10:18 pm GMT+5:30","Yes","Sri Lanka Podujana Peramuna (SLPP)","Nandasena Gotabaya Rajapaksa (Sri Lanka Podujana Peramuna)","","National security","35 - 55","Male","Buddhism","Master's degree","Private Sector employee","Sinhala","Western","Gampaha","Nandasena Gotabaya Rajapaksa","Nandasena Gotabaya Rajapaksa","Nandasena Gotabaya Rajapaksa","Nandasena Gotabaya Rajapaksa","Nandasena Gotabaya Rajapaksa"
"2019/11/04 9:11:46 pm GMT+5:30","Yes","Sri Lanka Podujana Peramuna (SLPP)","Nandasena Gotabaya Rajapaksa (Sri Lanka Podujana Peramuna)","","National security","35 - 55","Male","Buddhism","Master's degree","Private Sector employee","Sinhala","Western","Gampaha","Nandasena Gotabaya Rajapaksa","Nandasena Gotabaya Rajapaksa","Nandasena Gotabaya Rajapaksa","Nandasena Gotabaya Rajapaksa","Nandasena Gotabaya Rajapaksa"
"2019/11/04 9:43:34 pm GMT+5:30","Yes","Sri Lanka Podujana Peramuna (SLPP)","Nandasena Gotabaya Rajapaksa (Sri Lanka Podujana Peramuna)","","National security","25 - 35","Male","Buddhism","Master's degree","Private Sector employee","Sinhala","Western","Colombo","Nandasena Gotabaya Rajapaksa","Nandasena Gotabaya Rajapaksa","Nandasena Gotabaya Rajapaksa","Nandasena Gotabaya Rajapaksa","Nandasena Gotabaya Rajapaksa"
"2019/11/04 9:49:08 pm GMT+5:30","Yes","Sri Lanka Podujana Peramuna (SLPP)","Nandasena Gotabaya Rajapaksa (Sri Lanka Podujana Peramuna)","Mr. Gotabhaya and His party prioritises the national security, Development of the country and more importantly a secured  country for all Sinhala Buddhist to live our heads up high/peacefully. We all have seen them doing this once during their period. ","National security","35 - 55","Female","Buddhism","Master's degree","Private Sector employee","Sinhala","Western","Colombo","Nandasena Gotabaya Rajapaksa","Nandasena Gotabaya Rajapaksa","Nandasena Gotabaya Rajapaksa","Nandasena Gotabaya Rajapaksa","Nandasena Gotabaya Rajapaksa"
"2019/11/04 9:56:42 pm GMT+5:30","Yes","Sri Lanka Podujana Peramuna (SLPP)","Nandasena Gotabaya Rajapaksa (Sri Lanka Podujana Peramuna)","Mr. Gotabhaya and His party prioritises the National Security and National Development and more importantly a well Secured country for all Sinhala Buddhists to live our head up high and peacefully. We have seen them doing this once and we can trust that they will do more to it this time. Sri Lanka will be in good hands when GR + MR  come to power. ","National security","35 - 55","Female","Buddhism","Master's degree","Private Sector employee","Sinhala","Western","Colombo","Nandasena Gotabaya Rajapaksa","Nandasena Gotabaya Rajapaksa","Nandasena Gotabaya Rajapaksa","Nandasena Gotabaya Rajapaksa","Nandasena Gotabaya Rajapaksa"
"2019/11/04 10:00:02 pm GMT+5:30","No","New Democratic Front (NDF)","Mahesh Senanayake (National People's Party)","N/A","National development","35 - 55","Male","Buddhism","Master's degree","Private Sector employee","Sinhala","Western","Colombo","Mahesh Senanayake","Sajith Premadasa","Sajith Premadasa","Sajith Premadasa","Mahesh Senanayake"
"2019/11/04 10:23:10 pm GMT+5:30","Yes","Sri Lanka Podujana Peramuna (SLPP)","Nandasena Gotabaya Rajapaksa (Sri Lanka Podujana Peramuna)","A secure country","National security","35 - 55","Male","Buddhism","Degree / Higher diploma or Professional qualification","Private Sector employee","Sinhala","Western","Gampaha","Nandasena Gotabaya Rajapaksa","Nandasena Gotabaya Rajapaksa","Nandasena Gotabaya Rajapaksa","Nandasena Gotabaya Rajapaksa","Nandasena Gotabaya Rajapaksa"
"2019/11/04 11:06:10 pm GMT+5:30","Yes","Other","Other","Trust ","National development","25 - 35","Male","Buddhism","Degree / Higher diploma or Professional qualification","Private Sector employee","Sinhala","Central","Kandy","Mahesh Senanayake","Other","Other","Other","Other"
"2019/11/05 5:51:32 am GMT+5:30","No","Other","Other","NA","Other","Less than 25","Male","Islam","O/L","Stuent","Sinhala","Sabaragamuwa","Hambantota","Other","Other","Other","Other","Other"
"2019/11/05 5:51:48 am GMT+5:30","Yes","Sri Lanka Podujana Peramuna (SLPP)","Nandasena Gotabaya Rajapaksa (Sri Lanka Podujana Peramuna)","","National security","35 - 55","Male","Buddhism","Degree / Higher diploma or Professional qualification","Private Sector employee","Sinhala","Western","Kalutara","Nandasena Gotabaya Rajapaksa","","","",""
"2019/11/05 5:57:31 am GMT+5:30","Yes","Sri Lanka Podujana Peramuna (SLPP)","Anura Kumara Dissanayake (National People's Power)","He is the most ideal candidate among all candidates. He is got a far sighted vision for country's economy also his political view does not support for racism ","National development","25 - 35","Male","Catholic","Degree / Higher diploma or Professional qualification","Private Sector employee","Sinhala","Western","Gampaha","Anura Kumara Dissanayake","Anura Kumara Dissanayake","Anura Kumara Dissanayake","Anura Kumara Dissanayake","Anura Kumara Dissanayake"
"2019/11/05 6:21:47 am GMT+5:30","Yes","New Democratic Front (NDF)","Nandasena Gotabaya Rajapaksa (Sri Lanka Podujana Peramuna)","","Cost of living","25 - 35","Male","Catholic","Degree / Higher diploma or Professional qualification","Private Sector employee","Sinhala","Western","Gampaha","Nandasena Gotabaya Rajapaksa","Nandasena Gotabaya Rajapaksa","Nandasena Gotabaya Rajapaksa","Nandasena Gotabaya Rajapaksa","Nandasena Gotabaya Rajapaksa"
"2019/11/05 6:37:21 am GMT+5:30","Not sure","National People's Party (NPP)","Sajith Premadasa (New Democratic Front)","Suitable for the post ","National development","25 - 35","Female","Catholic","A/L","Private Sector employee","Sinhala","Western","Kalutara","Sajith Premadasa","Nandasena Gotabaya Rajapaksa","Sajith Premadasa","Anura Kumara Dissanayake","Other"
"2019/11/05 7:18:35 am GMT+5:30","Yes","Sri Lanka Podujana Peramuna (SLPP)","Nandasena Gotabaya Rajapaksa (Sri Lanka Podujana Peramuna)","","National development","25 - 35","Male","Buddhism","Degree / Higher diploma or Professional qualification","Private Sector employee","Sinhala","Western","Colombo","Nandasena Gotabaya Rajapaksa","Nandasena Gotabaya Rajapaksa","Nandasena Gotabaya Rajapaksa","Nandasena Gotabaya Rajapaksa","Nandasena Gotabaya Rajapaksa"
"2019/11/05 7:40:32 am GMT+5:30","Yes","Sri Lanka Podujana Peramuna (SLPP)","Nandasena Gotabaya Rajapaksa (Sri Lanka Podujana Peramuna)","Good person and direct discussion ","National development","25 - 35","Male","Buddhism","A/L","Self-employed","Sinhala","Western","Colombo","Nandasena Gotabaya Rajapaksa","Nandasena Gotabaya Rajapaksa","Nandasena Gotabaya Rajapaksa","Nandasena Gotabaya Rajapaksa","Nandasena Gotabaya Rajapaksa"
"2019/11/05 10:07:37 am GMT+5:30","Yes","Sri Lanka Podujana Peramuna (SLPP)","Nandasena Gotabaya Rajapaksa (Sri Lanka Podujana Peramuna)","Grave person","National development","25 - 35","Male","Buddhism","Degree / Higher diploma or Professional qualification","Private Sector employee","Sinhala","Southern","Matara","Nandasena Gotabaya Rajapaksa","Nandasena Gotabaya Rajapaksa","Nandasena Gotabaya Rajapaksa","Nandasena Gotabaya Rajapaksa","Nandasena Gotabaya Rajapaksa"
"2019/11/05 10:15:53 am GMT+5:30","Yes","Sri Lanka Podujana Peramuna (SLPP)","Nandasena Gotabaya Rajapaksa (Sri Lanka Podujana Peramuna)","","National development","35 - 55","Male","Buddhism","Degree / Higher diploma or Professional qualification","Government employee","Sinhala","Western","Kalutara","Nandasena Gotabaya Rajapaksa","Nandasena Gotabaya Rajapaksa","Nandasena Gotabaya Rajapaksa","Nandasena Gotabaya Rajapaksa","Nandasena Gotabaya Rajapaksa"
"2019/11/05 11:43:32 am GMT+5:30","Yes","National People's Party (NPP)","Anura Kumara Dissanayake (National People's Power)","","National development","Less than 25","Male","Buddhism","Degree / Higher diploma or Professional qualification","Stuent","Sinhala","Western","Gampaha","Mahesh Senanayake","Anura Kumara Dissanayake","Anura Kumara Dissanayake","Anura Kumara Dissanayake","Mahesh Senanayake"
"2019/11/05 1:29:27 pm GMT+5:30","Not sure","New Democratic Front (NDF)","Sajith Premadasa (New Democratic Front)","","Cost of living","25 - 35","Male","Catholic","Degree / Higher diploma or Professional qualification","Private Sector employee","Sinhala","Western","Gampaha","Other","Other","Other","Other","Other"
"2019/11/05 1:38:01 pm GMT+5:30","Yes","Sri Lanka Podujana Peramuna (SLPP)","Nandasena Gotabaya Rajapaksa (Sri Lanka Podujana Peramuna)","He is the most suitable leader out of all the candidates and he has proved his capability of a proper leadership.","National security","35 - 55","Male","Buddhism","Degree / Higher diploma or Professional qualification","Private Sector employee","Sinhala","Western","Colombo","Nandasena Gotabaya Rajapaksa","Nandasena Gotabaya Rajapaksa","Nandasena Gotabaya Rajapaksa","Nandasena Gotabaya Rajapaksa","Nandasena Gotabaya Rajapaksa"
"2019/11/05 4:03:04 pm GMT+5:30","Yes","National People's Party (NPP)","Mahesh Senanayake (National People's Party)","We need a system I feel like the above candidate is fit to run the country ","National development","Less than 25","Female","Catholic","Degree / Higher diploma or Professional qualification","Self-employed","Sinhala","Western","Colombo","Mahesh Senanayake","Mahesh Senanayake","Mahesh Senanayake","Mahesh Senanayake","Mahesh Senanayake"
"2019/11/05 4:20:22 pm GMT+5:30","Yes","Sri Lanka Podujana Peramuna (SLPP)","Nandasena Gotabaya Rajapaksa (Sri Lanka Podujana Peramuna)","","National development","Less than 25","Female","Buddhism","Master's degree","Private Sector employee","Sinhala","Western","Colombo","Nandasena Gotabaya Rajapaksa","Nandasena Gotabaya Rajapaksa","Nandasena Gotabaya Rajapaksa","Nandasena Gotabaya Rajapaksa","Nandasena Gotabaya Rajapaksa"
"2019/11/05 4:23:49 pm GMT+5:30","Yes","Sri Lanka Podujana Peramuna (SLPP)","Nandasena Gotabaya Rajapaksa (Sri Lanka Podujana Peramuna)","","National security","25 - 35","Male","Buddhism","Degree / Higher diploma or Professional qualification","Private Sector employee","Sinhala","Central","Kandy","Nandasena Gotabaya Rajapaksa","Nandasena Gotabaya Rajapaksa","Nandasena Gotabaya Rajapaksa","Nandasena Gotabaya Rajapaksa","Nandasena Gotabaya Rajapaksa"
"2019/11/05 4:26:02 pm GMT+5:30","Not sure","Sri Lanka Podujana Peramuna (SLPP)","Nandasena Gotabaya Rajapaksa (Sri Lanka Podujana Peramuna)","The first thing we need is safety and the deceplean in the country ","National security","Less than 25","Female","Catholic","Degree / Higher diploma or Professional qualification","Stuent","Sinhala","Western","Gampaha","Nandasena Gotabaya Rajapaksa","Nandasena Gotabaya Rajapaksa","Nandasena Gotabaya Rajapaksa","Nandasena Gotabaya Rajapaksa","Nandasena Gotabaya Rajapaksa"
"2019/11/05 4:26:10 pm GMT+5:30","Yes","Sri Lanka Podujana Peramuna (SLPP)","Mahesh Senanayake (National People's Party)","","National development","25 - 35","Male","Buddhism","Degree / Higher diploma or Professional qualification","Private Sector employee","Sinhala","Western","Gampaha","Nandasena Gotabaya Rajapaksa","Anura Kumara Dissanayake","Anura Kumara Dissanayake","Anura Kumara Dissanayake","Anura Kumara Dissanayake"
"2019/11/05 4:31:59 pm GMT+5:30","Yes","Sri Lanka Podujana Peramuna (SLPP)","Nandasena Gotabaya Rajapaksa (Sri Lanka Podujana Peramuna)","He is the best leader for our country.His decisions are straight.","National development","25 - 35","Female","Buddhism","Master's degree","Private Sector employee","Sinhala","Southern","Galle","Nandasena Gotabaya Rajapaksa","Nandasena Gotabaya Rajapaksa","Nandasena Gotabaya Rajapaksa","Nandasena Gotabaya Rajapaksa","Nandasena Gotabaya Rajapaksa"
"2019/11/05 4:32:10 pm GMT+5:30","Yes","National People's Party (NPP)","Mahesh Senanayake (National People's Party)","Establish the low and order","Other","25 - 35","Male","Buddhism","Degree / Higher diploma or Professional qualification","Private Sector employee","Sinhala","Central","Kandy","Mahesh Senanayake","Mahesh Senanayake","Mahesh Senanayake","Mahesh Senanayake","Mahesh Senanayake"
"2019/11/05 9:05:39 pm GMT+5:30","Yes","Sri Lanka Podujana Peramuna (SLPP)","Sajith Premadasa (New Democratic Front)","","National development","Less than 25","Female","Islam","O/L","Stuent","Sri Lankan Moor","Western","Colombo","Mahesh Senanayake","Anura Kumara Dissanayake","Other","Anura Kumara Dissanayake","Sajith Premadasa"
"2019/11/05 11:28:56 pm GMT+5:30","Yes","Sri Lanka Podujana Peramuna (SLPP)","Nandasena Gotabaya Rajapaksa (Sri Lanka Podujana Peramuna)","Strong visionabel leader","National development","25 - 35","Male","Buddhism","Degree / Higher diploma or Professional qualification","Private Sector employee","Sinhala","Western","Kalutara","Nandasena Gotabaya Rajapaksa","Nandasena Gotabaya Rajapaksa","Nandasena Gotabaya Rajapaksa","Nandasena Gotabaya Rajapaksa","Nandasena Gotabaya Rajapaksa"
"2019/11/06 7:23:37 am GMT+5:30","Yes","Sri Lanka Podujana Peramuna (SLPP)","Nandasena Gotabaya Rajapaksa (Sri Lanka Podujana Peramuna)","","National security","35 - 55","Male","Buddhism","Master's degree","Private Sector employee","Sinhala","Western","Colombo","Nandasena Gotabaya Rajapaksa","Nandasena Gotabaya Rajapaksa","Nandasena Gotabaya Rajapaksa","Other","Nandasena Gotabaya Rajapaksa"
"2019/11/06 7:44:38 am GMT+5:30","Yes","Sri Lanka Podujana Peramuna (SLPP)","Nandasena Gotabaya Rajapaksa (Sri Lanka Podujana Peramuna)","Only one who has proven his capacity. No BS. ","National security","35 - 55","Male","Buddhism","Degree / Higher diploma or Professional qualification","Government employee","Sinhala","Southern","Matara","Nandasena Gotabaya Rajapaksa","Nandasena Gotabaya Rajapaksa","Nandasena Gotabaya Rajapaksa","Nandasena Gotabaya Rajapaksa","Nandasena Gotabaya Rajapaksa"
"2019/11/06 9:25:49 am GMT+5:30","Yes","Sri Lanka Podujana Peramuna (SLPP)","Nandasena Gotabaya Rajapaksa (Sri Lanka Podujana Peramuna)","Need a peaceful country to live","National security","25 - 35","Male","Buddhism","Degree / Higher diploma or Professional qualification","Private Sector employee","Sinhala","Western","Gampaha","Nandasena Gotabaya Rajapaksa","Nandasena Gotabaya Rajapaksa","Anura Kumara Dissanayake","Nandasena Gotabaya Rajapaksa","Nandasena Gotabaya Rajapaksa"
"2019/11/06 9:39:35 am GMT+5:30","Yes","Sri Lanka Podujana Peramuna (SLPP)","Nandasena Gotabaya Rajapaksa (Sri Lanka Podujana Peramuna)","Looking for a big change in the entire system","National development","Less than 25","Male","Buddhism","Degree / Higher diploma or Professional qualification","Private Sector employee","Sinhala","Western","Colombo","Nandasena Gotabaya Rajapaksa","Nandasena Gotabaya Rajapaksa","Nandasena Gotabaya Rajapaksa","Nandasena Gotabaya Rajapaksa","Nandasena Gotabaya Rajapaksa"
"2019/11/06 10:13:44 am GMT+5:30","Yes","Sri Lanka Podujana Peramuna (SLPP)","Nandasena Gotabaya Rajapaksa (Sri Lanka Podujana Peramuna)","Need a change in the country","National development","25 - 35","Female","Buddhism","Degree / Higher diploma or Professional qualification","Private Sector employee","Sinhala","Western","Colombo","Nandasena Gotabaya Rajapaksa","Nandasena Gotabaya Rajapaksa","Nandasena Gotabaya Rajapaksa","Nandasena Gotabaya Rajapaksa","Nandasena Gotabaya Rajapaksa"
"2019/11/06 11:18:30 am GMT+5:30","Yes","Sri Lanka Podujana Peramuna (SLPP)","Nandasena Gotabaya Rajapaksa (Sri Lanka Podujana Peramuna)","Common Sense - Lesser of the 2 evils","National development","25 - 35","Male","Buddhism","Degree / Higher diploma or Professional qualification","Private Sector employee","Sinhala","Southern","Matara","Nandasena Gotabaya Rajapaksa","Other","Nandasena Gotabaya Rajapaksa","Nandasena Gotabaya Rajapaksa","Nandasena Gotabaya Rajapaksa"
"2019/11/06 11:52:28 am GMT+5:30","No","Sri Lanka Podujana Peramuna (SLPP)","Nandasena Gotabaya Rajapaksa (Sri Lanka Podujana Peramuna)","","National security","25 - 35","Male","Buddhism","A/L","Government employee","Sinhala","Central","Kandy","Nandasena Gotabaya Rajapaksa","Nandasena Gotabaya Rajapaksa","Nandasena Gotabaya Rajapaksa","Nandasena Gotabaya Rajapaksa","Nandasena Gotabaya Rajapaksa"
"2019/11/06 12:38:19 pm GMT+5:30","Yes","Sri Lanka Podujana Peramuna (SLPP)","Nandasena Gotabaya Rajapaksa (Sri Lanka Podujana Peramuna)","According to country defense situation ","National security","25 - 35","Female","Buddhism","Degree / Higher diploma or Professional qualification","Private Sector employee","Sinhala","Western","Gampaha","Nandasena Gotabaya Rajapaksa","Nandasena Gotabaya Rajapaksa","Nandasena Gotabaya Rajapaksa","Nandasena Gotabaya Rajapaksa","Nandasena Gotabaya Rajapaksa"
"2019/11/06 4:11:19 pm GMT+5:30","Yes","Sri Lanka Podujana Peramuna (SLPP)","Sajith Premadasa (New Democratic Front)","","National development","Less than 25","Female","Catholic","Degree / Higher diploma or Professional qualification","Private Sector employee","Sinhala","Western","Colombo","Mahesh Senanayake","Sajith Premadasa","Nandasena Gotabaya Rajapaksa","Anura Kumara Dissanayake","Anura Kumara Dissanayake"
"2019/11/06 7:57:46 pm GMT+5:30","Yes","Sri Lanka Podujana Peramuna (SLPP)","Mahesh Senanayake (National People's Party)","He represents a mechanism that is designed by intellectuals in the country","National development","25 - 35","Male","Buddhism","Degree / Higher diploma or Professional qualification","Private Sector employee","Sinhala","Western","Colombo","Mahesh Senanayake","Mahesh Senanayake","Nandasena Gotabaya Rajapaksa","Anura Kumara Dissanayake","Anura Kumara Dissanayake"
"2019/11/06 9:47:15 pm GMT+5:30","Yes","Sri Lanka Podujana Peramuna (SLPP)","Nandasena Gotabaya Rajapaksa (Sri Lanka Podujana Peramuna)","","National development","25 - 35","Female","Buddhism","Degree / Higher diploma or Professional qualification","Private Sector employee","Sinhala","Western","Gampaha","Nandasena Gotabaya Rajapaksa","Nandasena Gotabaya Rajapaksa","Nandasena Gotabaya Rajapaksa","Nandasena Gotabaya Rajapaksa","Nandasena Gotabaya Rajapaksa"
"2019/11/06 9:53:30 pm GMT+5:30","Yes","Sri Lanka Podujana Peramuna (SLPP)","Nandasena Gotabaya Rajapaksa (Sri Lanka Podujana Peramuna)","He has strong a backbone to control this country ","Other","25 - 35","Male","Buddhism","Degree / Higher diploma or Professional qualification","Stuent","Sinhala","Western","Gampaha","","","","",""
"2019/11/06 10:22:36 pm GMT+5:30","Yes","Sri Lanka Podujana Peramuna (SLPP)","Nandasena Gotabaya Rajapaksa (Sri Lanka Podujana Peramuna)","Diplomacy","National development","25 - 35","Male","Catholic","Degree / Higher diploma or Professional qualification","Private Sector employee","Indian Tamil","Western","Colombo","Nandasena Gotabaya Rajapaksa","Nandasena Gotabaya Rajapaksa","Sajith Premadasa","Nandasena Gotabaya Rajapaksa","Anura Kumara Dissanayake"
"2019/11/06 10:34:46 pm GMT+5:30","Yes","New Democratic Front (NDF)","Sajith Premadasa (New Democratic Front)","","Cost of living","25 - 35","Male","Islam","Degree / Higher diploma or Professional qualification","Private Sector employee","Sri Lankan Moor","Western","Batticaloa","Sajith Premadasa","Sajith Premadasa","Sajith Premadasa","Sajith Premadasa","Sajith Premadasa"
"2019/11/06 11:40:43 pm GMT+5:30","Yes","Sri Lanka Podujana Peramuna (SLPP)","Nandasena Gotabaya Rajapaksa (Sri Lanka Podujana Peramuna)","","National security","25 - 35","Male","Buddhism","Degree / Higher diploma or Professional qualification","Self-employed","Sinhala","Western","Gampaha","Nandasena Gotabaya Rajapaksa","Nandasena Gotabaya Rajapaksa","Sajith Premadasa","Sajith Premadasa","Sajith Premadasa"
"2019/11/07 5:45:25 am GMT+5:30","Yes","New Democratic Front (NDF)","Sajith Premadasa (New Democratic Front)","Geniune and has helped poor by building houses. Hoping to see more developments from him","National development","25 - 35","Male","Hinduism","Degree / Higher diploma or Professional qualification","Private Sector employee","Sri Lankan Tamil","Western","Colombo","Sajith Premadasa","Sajith Premadasa","Sajith Premadasa","Sajith Premadasa","Sajith Premadasa"
"2019/11/07 6:44:10 am GMT+5:30","No","Sri Lanka Podujana Peramuna (SLPP)","Sajith Premadasa (New Democratic Front)","","National development","35 - 55","Male","Buddhism","Degree / Higher diploma or Professional qualification","Private Sector employee","Sinhala","Western","Colombo","Mahesh Senanayake","Nandasena Gotabaya Rajapaksa","Sajith Premadasa","Sajith Premadasa","Sajith Premadasa"
"2019/11/07 7:51:59 am GMT+5:30","Yes","National People's Party (NPP)","Sajith Premadasa (New Democratic Front)","","National development","25 - 35","Male","Buddhism","Degree / Higher diploma or Professional qualification","Private Sector employee","Sinhala","Western","Colombo","Anura Kumara Dissanayake","Sajith Premadasa","Sajith Premadasa","Sajith Premadasa","Anura Kumara Dissanayake"
"2019/11/07 8:30:12 am GMT+5:30","Yes","Sri Lanka Podujana Peramuna (SLPP)","Nandasena Gotabaya Rajapaksa (Sri Lanka Podujana Peramuna)","Diplomacy","National development","25 - 35","Male","Catholic","Degree / Higher diploma or Professional qualification","Private Sector employee","Indian Tamil","Western","Colombo","Nandasena Gotabaya Rajapaksa","Nandasena Gotabaya Rajapaksa","Sajith Premadasa","Nandasena Gotabaya Rajapaksa","Anura Kumara Dissanayake"
"2019/11/07 9:33:20 am GMT+5:30","Yes","National People's Party (NPP)","Sajith Premadasa (New Democratic Front)","Game is between gota n sajith. I dont want gota to win cz of mahinda and his sons ruling this country in a thuggish manner","Cost of living","25 - 35","Female","Buddhism","Master's degree","Private Sector employee","Sinhala","Western","Colombo","Mahesh Senanayake","Nandasena Gotabaya Rajapaksa","Nandasena Gotabaya Rajapaksa","Nandasena Gotabaya Rajapaksa","Anura Kumara Dissanayake"
"2019/11/07 10:21:32 am GMT+5:30","Yes","Sri Lanka Podujana Peramuna (SLPP)","Nandasena Gotabaya Rajapaksa (Sri Lanka Podujana Peramuna)","No other option","National security","25 - 35","Male","Buddhism","Degree / Higher diploma or Professional qualification","Private Sector employee","Sinhala","Western","Colombo","Nandasena Gotabaya Rajapaksa","Nandasena Gotabaya Rajapaksa","Nandasena Gotabaya Rajapaksa","Nandasena Gotabaya Rajapaksa","Nandasena Gotabaya Rajapaksa"
"2019/11/07 11:41:09 am GMT+5:30","Yes","Sri Lanka Podujana Peramuna (SLPP)","Nandasena Gotabaya Rajapaksa (Sri Lanka Podujana Peramuna)","","National security","25 - 35","Male","Buddhism","Degree / Higher diploma or Professional qualification","Private Sector employee","Sinhala","Western","Colombo","Nandasena Gotabaya Rajapaksa","Nandasena Gotabaya Rajapaksa","Nandasena Gotabaya Rajapaksa","Nandasena Gotabaya Rajapaksa","Nandasena Gotabaya Rajapaksa"
"2019/11/07 12:18:57 pm GMT+5:30","Yes","Sri Lanka Podujana Peramuna (SLPP)","Nandasena Gotabaya Rajapaksa (Sri Lanka Podujana Peramuna)","Need Secure Country.","National security","25 - 35","Male","Catholic","Master's degree","Private Sector employee","Sinhala","North Western","Kurunegala","Nandasena Gotabaya Rajapaksa","Nandasena Gotabaya Rajapaksa","Nandasena Gotabaya Rajapaksa","Nandasena Gotabaya Rajapaksa","Nandasena Gotabaya Rajapaksa"
"2019/11/07 1:35:30 pm GMT+5:30","Yes","National People's Party (NPP)","Mahesh Senanayake (National People's Party)","","National development","25 - 35","Female","Buddhism","Degree / Higher diploma or Professional qualification","Private Sector employee","Sinhala","Western","Gampaha","Mahesh Senanayake","Nandasena Gotabaya Rajapaksa","Nandasena Gotabaya Rajapaksa","Mahesh Senanayake","Nandasena Gotabaya Rajapaksa"
"2019/11/07 1:59:04 pm GMT+5:30","Yes","Sri Lanka Podujana Peramuna (SLPP)","Mahesh Senanayake (National People's Party)","To change the system and stop the corruption. And also we should increase the national security. ","National security","25 - 35","Female","Buddhism","Degree / Higher diploma or Professional qualification","Self-employed","Sinhala","Western","Gampaha","Mahesh Senanayake","Mahesh Senanayake","Mahesh Senanayake","Mahesh Senanayake","Mahesh Senanayake"
"2019/11/07 2:32:03 pm GMT+5:30","Yes","Sri Lanka Podujana Peramuna (SLPP)","Nandasena Gotabaya Rajapaksa (Sri Lanka Podujana Peramuna)","","National security","25 - 35","Female","Buddhism","Master's degree","Government employee","Sinhala","Southern","Galle","Nandasena Gotabaya Rajapaksa","Nandasena Gotabaya Rajapaksa","Other","Other","Nandasena Gotabaya Rajapaksa"
"2019/11/07 6:10:03 pm GMT+5:30","Yes","Sri Lanka Podujana Peramuna (SLPP)","Nandasena Gotabaya Rajapaksa (Sri Lanka Podujana Peramuna)","","National security","Less than 25","Male","Buddhism","Degree / Higher diploma or Professional qualification","Private Sector employee","Sinhala","Western","Gampaha","Nandasena Gotabaya Rajapaksa","Nandasena Gotabaya Rajapaksa","Nandasena Gotabaya Rajapaksa","Nandasena Gotabaya Rajapaksa","Nandasena Gotabaya Rajapaksa"
"2019/11/08 8:11:00 am GMT+5:30","Yes","Sri Lanka Podujana Peramuna (SLPP)","Nandasena Gotabaya Rajapaksa (Sri Lanka Podujana Peramuna)","A man with his world ","National security","25 - 35","Male","Buddhism","Degree / Higher diploma or Professional qualification","Private Sector employee","Sinhala","Southern","Galle","Nandasena Gotabaya Rajapaksa","Nandasena Gotabaya Rajapaksa","Nandasena Gotabaya Rajapaksa","Nandasena Gotabaya Rajapaksa","Anura Kumara Dissanayake"
"2019/11/08 8:11:21 am GMT+5:30","Yes","Sri Lanka Podujana Peramuna (SLPP)","Nandasena Gotabaya Rajapaksa (Sri Lanka Podujana Peramuna)","A man with his world ","National security","25 - 35","Male","Buddhism","Degree / Higher diploma or Professional qualification","Private Sector employee","Sinhala","Southern","Galle","Nandasena Gotabaya Rajapaksa","Nandasena Gotabaya Rajapaksa","Nandasena Gotabaya Rajapaksa","Nandasena Gotabaya Rajapaksa","Anura Kumara Dissanayake"
"2019/11/08 8:16:30 am GMT+5:30","Yes","Sri Lanka Podujana Peramuna (SLPP)","Nandasena Gotabaya Rajapaksa (Sri Lanka Podujana Peramuna)","Security","National security","25 - 35","Male","Buddhism","Degree / Higher diploma or Professional qualification","Self-employed","Sinhala","Western","Colombo","Nandasena Gotabaya Rajapaksa","Nandasena Gotabaya Rajapaksa","Nandasena Gotabaya Rajapaksa","Nandasena Gotabaya Rajapaksa","Nandasena Gotabaya Rajapaksa"
"2019/11/08 4:01:57 pm GMT+5:30","Yes","Sri Lanka Podujana Peramuna (SLPP)","Nandasena Gotabaya Rajapaksa (Sri Lanka Podujana Peramuna)","","National security","35 - 55","Male","Catholic","Master's degree","Private Sector employee","Sri Lankan Tamil","Eastern","Jaffna","Nandasena Gotabaya Rajapaksa","Nandasena Gotabaya Rajapaksa","Nandasena Gotabaya Rajapaksa","Nandasena Gotabaya Rajapaksa","Nandasena Gotabaya Rajapaksa"
"2019/11/08 4:04:39 pm GMT+5:30","Not sure","New Democratic Front (NDF)","Sajith Premadasa (New Democratic Front)","","National development","25 - 35","Male","Catholic","Degree / Higher diploma or Professional qualification","Government employee","Sri Lankan Tamil","Eastern","Batticaloa","Nandasena Gotabaya Rajapaksa","Nandasena Gotabaya Rajapaksa","Sajith Premadasa","Sajith Premadasa","Nandasena Gotabaya Rajapaksa"
"2019/11/08 4:07:47 pm GMT+5:30","Not sure","New Democratic Front (NDF)","Sajith Premadasa (New Democratic Front)","","Employment opportunities","35 - 55","Female","Hinduism","A/L","Housewife","Sri Lankan Tamil","Sabaragamuwa","Kegalle","Nandasena Gotabaya Rajapaksa","Sajith Premadasa","Nandasena Gotabaya Rajapaksa","Sajith Premadasa","Nandasena Gotabaya Rajapaksa"
"2019/11/08 4:10:30 pm GMT+5:30","Yes","Sri Lanka Podujana Peramuna (SLPP)","Nandasena Gotabaya Rajapaksa (Sri Lanka Podujana Peramuna)","","National development","35 - 55","Female","Catholic","Degree / Higher diploma or Professional qualification","Private Sector employee","Burgher","North Central","Polonnaruwa","Nandasena Gotabaya Rajapaksa","","Anura Kumara Dissanayake","Nandasena Gotabaya Rajapaksa","Nandasena Gotabaya Rajapaksa"
"2019/11/08 4:12:51 pm GMT+5:30","Not sure","National People's Power (NPP)","Anura Kumara Dissanayake (National People's Power)","","National development","35 - 55","Male","Catholic","Degree / Higher diploma or Professional qualification","Private Sector employee","Sri Lankan Tamil","Sabaragamuwa","Kegalle","Nandasena Gotabaya Rajapaksa","Anura Kumara Dissanayake","Anura Kumara Dissanayake","Anura Kumara Dissanayake","Anura Kumara Dissanayake"
"2019/11/08 4:15:28 pm GMT+5:30","Yes","National People's Power (NPP)","Anura Kumara Dissanayake (National People's Power)","","Cost of living","Less than 25","Male","Catholic","Degree / Higher diploma or Professional qualification","Private Sector employee","Burgher","Uva","Nuwara Eliya","Nandasena Gotabaya Rajapaksa","Anura Kumara Dissanayake","Anura Kumara Dissanayake","Anura Kumara Dissanayake","Nandasena Gotabaya Rajapaksa"
"2019/11/08 4:37:06 pm GMT+5:30","Yes","Sri Lanka Podujana Peramuna (SLPP)","Nandasena Gotabaya Rajapaksa (Sri Lanka Podujana Peramuna)","","National development","35 - 55","Male","Hinduism","A/L","Private Sector employee","Sri Lankan Tamil","Uva","Monaragala","Nandasena Gotabaya Rajapaksa","Nandasena Gotabaya Rajapaksa","Sajith Premadasa","Anura Kumara Dissanayake","Nandasena Gotabaya Rajapaksa"
"2019/11/08 4:40:24 pm GMT+5:30","Yes","New Democratic Front (NDF)","Sajith Premadasa (New Democratic Front)","","Employment opportunities","35 - 55","Female","Hinduism","Degree / Higher diploma or Professional qualification","Private Sector employee","Sri Lankan Tamil","Sabaragamuwa","Kegalle","Nandasena Gotabaya Rajapaksa","Sajith Premadasa","Anura Kumara Dissanayake","Sajith Premadasa","Nandasena Gotabaya Rajapaksa"
"2019/11/08 4:42:35 pm GMT+5:30","Not sure","New Democratic Front (NDF)","Sajith Premadasa (New Democratic Front)","","Cost of living","25 - 35","Female","Catholic","A/L","Housewife","Sinhala","Uva","Nuwara Eliya","Nandasena Gotabaya Rajapaksa","Sajith Premadasa","Anura Kumara Dissanayake","Nandasena Gotabaya Rajapaksa","Sajith Premadasa"
"2019/11/08 5:05:24 pm GMT+5:30","Yes","Sri Lanka Podujana Peramuna (SLPP)","Nandasena Gotabaya Rajapaksa (Sri Lanka Podujana Peramuna)","","National security","25 - 35","Male","Hinduism","Master's degree","Government employee","Sri Lankan Tamil","Sabaragamuwa","Matale","Nandasena Gotabaya Rajapaksa","Nandasena Gotabaya Rajapaksa","Nandasena Gotabaya Rajapaksa","Nandasena Gotabaya Rajapaksa","Nandasena Gotabaya Rajapaksa"
"2019/11/08 5:08:15 pm GMT+5:30","Not sure","New Democratic Front (NDF)","Sajith Premadasa (New Democratic Front)","","Ethnic issues","Greater than 55","Male","Catholic","Degree / Higher diploma or Professional qualification","Self-employed","Burgher","Uva","Monaragala","Nandasena Gotabaya Rajapaksa","Nandasena Gotabaya Rajapaksa","Sajith Premadasa","Nandasena Gotabaya Rajapaksa","Nandasena Gotabaya Rajapaksa"
"2019/11/08 5:09:59 pm GMT+5:30","Not sure","National People's Power (NPP)","Anura Kumara Dissanayake (National People's Power)","","Cost of living","25 - 35","Male","Hinduism","Degree / Higher diploma or Professional qualification","Self-employed","Sri Lankan Tamil","Northern","Jaffna","Nandasena Gotabaya Rajapaksa","Anura Kumara Dissanayake","Anura Kumara Dissanayake","Anura Kumara Dissanayake","Anura Kumara Dissanayake"
"2019/11/08 5:11:36 pm GMT+5:30","Yes","National People's Power (NPP)","Anura Kumara Dissanayake (National People's Power)","","Cost of living","35 - 55","Male","Buddhism","A/L","Self-employed","Sinhala","Southern","Matara","Nandasena Gotabaya Rajapaksa","Anura Kumara Dissanayake","Anura Kumara Dissanayake","Anura Kumara Dissanayake","Anura Kumara Dissanayake"
"2019/11/08 5:27:20 pm GMT+5:30","Yes","New Democratic Front (NDF)","Sajith Premadasa (New Democratic Front)","","Employment opportunities","25 - 35","Male","Catholic","A/L","Self-employed","Sinhala","Sabaragamuwa","Matale","Nandasena Gotabaya Rajapaksa","Sajith Premadasa","Sajith Premadasa","Sajith Premadasa","Sajith Premadasa"
"2019/11/08 5:29:12 pm GMT+5:30","Yes","Sri Lanka Podujana Peramuna (SLPP)","Nandasena Gotabaya Rajapaksa (Sri Lanka Podujana Peramuna)","","National security","25 - 35","Female","Hinduism","A/L","Housewife","Sri Lankan Tamil","Northern","Kilinochchi","Nandasena Gotabaya Rajapaksa","Nandasena Gotabaya Rajapaksa","Nandasena Gotabaya Rajapaksa","Nandasena Gotabaya Rajapaksa","Nandasena Gotabaya Rajapaksa"
"2019/11/08 6:38:21 pm GMT+5:30","Not sure","Sri Lanka Podujana Peramuna (SLPP)","Nandasena Gotabaya Rajapaksa (Sri Lanka Podujana Peramuna)","","National security","25 - 35","Female","Buddhism","Degree / Higher diploma or Professional qualification","Private Sector employee","Sinhala","Uva","Monaragala","Nandasena Gotabaya Rajapaksa","Nandasena Gotabaya Rajapaksa","Nandasena Gotabaya Rajapaksa","Nandasena Gotabaya Rajapaksa","Nandasena Gotabaya Rajapaksa"
"2019/11/08 6:39:22 pm GMT+5:30","Not sure","Sri Lanka Podujana Peramuna (SLPP)","Nandasena Gotabaya Rajapaksa (Sri Lanka Podujana Peramuna)","","National development","25 - 35","Male","Catholic","A/L","Self-employed","Sinhala","Sabaragamuwa","Kegalle","Nandasena Gotabaya Rajapaksa","Nandasena Gotabaya Rajapaksa","Nandasena Gotabaya Rajapaksa","Nandasena Gotabaya Rajapaksa","Nandasena Gotabaya Rajapaksa"
"2019/11/08 6:41:06 pm GMT+5:30","Not sure","New Democratic Front (NDF)","Sajith Premadasa (New Democratic Front)","","National development","25 - 35","Male","Catholic","Degree / Higher diploma or Professional qualification","Private Sector employee","Sinhala","Sabaragamuwa","Matale","Sajith Premadasa","Sajith Premadasa","Sajith Premadasa","Sajith Premadasa","Sajith Premadasa"
"2019/11/08 6:44:04 pm GMT+5:30","Not sure","New Democratic Front (NDF)","Sajith Premadasa (New Democratic Front)","","Cost of living","25 - 35","Male","Catholic","Degree / Higher diploma or Professional qualification","Government employee","Sri Lankan Tamil","Northern","Mullaitivu","Nandasena Gotabaya Rajapaksa","Sajith Premadasa","Sajith Premadasa","Sajith Premadasa","Sajith Premadasa"
"2019/11/08 6:47:28 pm GMT+5:30","Yes","Sri Lanka Podujana Peramuna (SLPP)","Nandasena Gotabaya Rajapaksa (Sri Lanka Podujana Peramuna)","","National security","25 - 35","Male","Buddhism","A/L","Private Sector employee","Sinhala","Central","Anuradhapura","Nandasena Gotabaya Rajapaksa","Nandasena Gotabaya Rajapaksa","Nandasena Gotabaya Rajapaksa","Nandasena Gotabaya Rajapaksa","Nandasena Gotabaya Rajapaksa"
"2019/11/08 6:50:48 pm GMT+5:30","Not sure","New Democratic Front (NDF)","Sajith Premadasa (New Democratic Front)","","Cost of living","Less than 25","Female","Catholic","Degree / Higher diploma or Professional qualification","Private Sector employee","Sinhala","North Western","Puttalam","Nandasena Gotabaya Rajapaksa","Sajith Premadasa","Sajith Premadasa","Sajith Premadasa","Sajith Premadasa"
"2019/11/08 7:10:21 pm GMT+5:30","Not sure","Sri Lanka Podujana Peramuna (SLPP)","Nandasena Gotabaya Rajapaksa (Sri Lanka Podujana Peramuna)","","National development","35 - 55","Male","Catholic","Degree / Higher diploma or Professional qualification","Housewife","Sinhala","North Western","Kurunegala","Nandasena Gotabaya Rajapaksa","Nandasena Gotabaya Rajapaksa","Nandasena Gotabaya Rajapaksa","Nandasena Gotabaya Rajapaksa","Nandasena Gotabaya Rajapaksa"
"2019/11/08 7:14:38 pm GMT+5:30","Yes","New Democratic Front (NDF)","Sajith Premadasa (New Democratic Front)","","Cost of living","25 - 35","Male","Hinduism","A/L","Self-employed","Sri Lankan Tamil","Northern","Jaffna","Nandasena Gotabaya Rajapaksa","Sajith Premadasa","Sajith Premadasa","Sajith Premadasa","Sajith Premadasa"
"2019/11/08 7:16:21 pm GMT+5:30","Yes","Sri Lanka Podujana Peramuna (SLPP)","Nandasena Gotabaya Rajapaksa (Sri Lanka Podujana Peramuna)","","National security","25 - 35","Male","Catholic","A/L","Private Sector employee","Sri Lankan Tamil","North Western","Puttalam","Nandasena Gotabaya Rajapaksa","Nandasena Gotabaya Rajapaksa","Nandasena Gotabaya Rajapaksa","Nandasena Gotabaya Rajapaksa","Nandasena Gotabaya Rajapaksa"
"2019/11/08 7:17:42 pm GMT+5:30","Not sure","New Democratic Front (NDF)","Sajith Premadasa (New Democratic Front)","","Cost of living","35 - 55","Female","Buddhism","A/L","Housewife","Sinhala","North Western","Kurunegala","Sajith Premadasa","Sajith Premadasa","Sajith Premadasa","Sajith Premadasa","Sajith Premadasa"
"2019/11/08 7:19:50 pm GMT+5:30","Yes","Sri Lanka Podujana Peramuna (SLPP)","Nandasena Gotabaya Rajapaksa (Sri Lanka Podujana Peramuna)","","National security","35 - 55","Male","Buddhism","A/L","Private Sector employee","Sinhala","Sabaragamuwa","Kegalle","Nandasena Gotabaya Rajapaksa","Nandasena Gotabaya Rajapaksa","Nandasena Gotabaya Rajapaksa","Nandasena Gotabaya Rajapaksa","Nandasena Gotabaya Rajapaksa"
"2019/11/08 7:22:51 pm GMT+5:30","Yes","Sri Lanka Podujana Peramuna (SLPP)","Nandasena Gotabaya Rajapaksa (Sri Lanka Podujana Peramuna)","","National security","35 - 55","Male","Buddhism","Degree / Higher diploma or Professional qualification","Government employee","Sinhala","Western","Kalutara","Nandasena Gotabaya Rajapaksa","Nandasena Gotabaya Rajapaksa","Nandasena Gotabaya Rajapaksa","Nandasena Gotabaya Rajapaksa","Nandasena Gotabaya Rajapaksa"
"2019/11/08 7:25:34 pm GMT+5:30","Yes","National People's Power (NPP)","Anura Kumara Dissanayake (National People's Power)","","Cost of living","35 - 55","Male","Catholic","A/L","Self-employed","Sinhala","North Central","Puttalam","Nandasena Gotabaya Rajapaksa","Anura Kumara Dissanayake","Anura Kumara Dissanayake","Anura Kumara Dissanayake","Anura Kumara Dissanayake"
"2019/11/08 7:27:22 pm GMT+5:30","Yes","New Democratic Front (NDF)","Sajith Premadasa (New Democratic Front)","","National development","25 - 35","Female","Catholic","A/L","Housewife","Sinhala","Uva","Monaragala","Nandasena Gotabaya Rajapaksa","Sajith Premadasa","Sajith Premadasa","Sajith Premadasa","Sajith Premadasa"
"2019/11/08 7:29:01 pm GMT+5:30","Not sure","Sri Lanka Podujana Peramuna (SLPP)","Nandasena Gotabaya Rajapaksa (Sri Lanka Podujana Peramuna)","","National security","Less than 25","Male","Buddhism","Degree / Higher diploma or Professional qualification","Self-employed","Sinhala","Southern","Matara","Nandasena Gotabaya Rajapaksa","Nandasena Gotabaya Rajapaksa","Nandasena Gotabaya Rajapaksa","Nandasena Gotabaya Rajapaksa","Nandasena Gotabaya Rajapaksa"
"2019/11/08 7:31:14 pm GMT+5:30","Not sure","New Democratic Front (NDF)","Sajith Premadasa (New Democratic Front)","","Employment opportunities","35 - 55","Male","Catholic","Degree / Higher diploma or Professional qualification","Private Sector employee","Sri Lankan Tamil","Sabaragamuwa","Kegalle","Nandasena Gotabaya Rajapaksa","Sajith Premadasa","Sajith Premadasa","Sajith Premadasa","Sajith Premadasa"
"2019/11/08 7:32:30 pm GMT+5:30","Yes","Sri Lanka Podujana Peramuna (SLPP)","Nandasena Gotabaya Rajapaksa (Sri Lanka Podujana Peramuna)","","National security","25 - 35","Male","Buddhism","Master's degree","Private Sector employee","Sinhala","Western","Colombo","Nandasena Gotabaya Rajapaksa","Nandasena Gotabaya Rajapaksa","Nandasena Gotabaya Rajapaksa","Nandasena Gotabaya Rajapaksa","Nandasena Gotabaya Rajapaksa"
"2019/11/08 7:35:17 pm GMT+5:30","Not sure","New Democratic Front (NDF)","Sajith Premadasa (New Democratic Front)","","Employment opportunities","Less than 25","Male","Buddhism","A/L","Private Sector employee","Sinhala","Uva","Monaragala","Nandasena Gotabaya Rajapaksa","Sajith Premadasa","Sajith Premadasa","Sajith Premadasa","Sajith Premadasa"
"2019/11/08 7:36:27 pm GMT+5:30","Yes","Sri Lanka Podujana Peramuna (SLPP)","Nandasena Gotabaya Rajapaksa (Sri Lanka Podujana Peramuna)","","National development","35 - 55","Female","Catholic","A/L","Housewife","Sri Lankan Tamil","Eastern","Batticaloa","Nandasena Gotabaya Rajapaksa","Nandasena Gotabaya Rajapaksa","Nandasena Gotabaya Rajapaksa","Nandasena Gotabaya Rajapaksa","Nandasena Gotabaya Rajapaksa"
"2019/11/08 7:38:00 pm GMT+5:30","Not sure","Sri Lanka Podujana Peramuna (SLPP)","Nandasena Gotabaya Rajapaksa (Sri Lanka Podujana Peramuna)","","Religious issues","25 - 35","Male","Buddhism","A/L","Government employee","Sinhala","Sabaragamuwa","Kegalle","Nandasena Gotabaya Rajapaksa","Nandasena Gotabaya Rajapaksa","Nandasena Gotabaya Rajapaksa","Nandasena Gotabaya Rajapaksa","Nandasena Gotabaya Rajapaksa"
"2019/11/08 7:39:38 pm GMT+5:30","Yes","New Democratic Front (NDF)","Sajith Premadasa (New Democratic Front)","","National development","35 - 55","Male","Hinduism","Degree / Higher diploma or Professional qualification","Housewife","Sri Lankan Tamil","Eastern","Jaffna","Nandasena Gotabaya Rajapaksa","Sajith Premadasa","Sajith Premadasa","Sajith Premadasa","Sajith Premadasa"
"2019/11/08 7:41:21 pm GMT+5:30","Yes","National People's Power (NPP)","Anura Kumara Dissanayake (National People's Power)","","Cost of living","Less than 25","Male","Catholic","A/L","Private Sector employee","Sinhala","Northern","Mullaitivu","Nandasena Gotabaya Rajapaksa","Anura Kumara Dissanayake","Anura Kumara Dissanayake","Anura Kumara Dissanayake","Anura Kumara Dissanayake"
"2019/11/08 7:43:05 pm GMT+5:30","Not sure","Sri Lanka Podujana Peramuna (SLPP)","Nandasena Gotabaya Rajapaksa (Sri Lanka Podujana Peramuna)","","National security","35 - 55","Male","Buddhism","Degree / Higher diploma or Professional qualification","Government employee","Sinhala","Sabaragamuwa","Kegalle","Nandasena Gotabaya Rajapaksa","Nandasena Gotabaya Rajapaksa","Nandasena Gotabaya Rajapaksa","Nandasena Gotabaya Rajapaksa","Nandasena Gotabaya Rajapaksa"
"2019/11/08 7:44:52 pm GMT+5:30","Yes","Sri Lanka Podujana Peramuna (SLPP)","Nandasena Gotabaya Rajapaksa (Sri Lanka Podujana Peramuna)","","National security","Less than 25","Female","Catholic","A/L","Housewife","Sri Lankan Tamil","Uva","Nuwara Eliya","Nandasena Gotabaya Rajapaksa","Nandasena Gotabaya Rajapaksa","Nandasena Gotabaya Rajapaksa","Nandasena Gotabaya Rajapaksa","Nandasena Gotabaya Rajapaksa"
"2019/11/08 7:47:14 pm GMT+5:30","Not sure","New Democratic Front (NDF)","Sajith Premadasa (New Democratic Front)","","Employment opportunities","35 - 55","Male","Catholic","Degree / Higher diploma or Professional qualification","Self-employed","Sinhala","Sabaragamuwa","Matale","Sajith Premadasa","Sajith Premadasa","Sajith Premadasa","Sajith Premadasa","Sajith Premadasa"
"2019/11/08 7:49:18 pm GMT+5:30","Not sure","Sri Lanka Podujana Peramuna (SLPP)","Nandasena Gotabaya Rajapaksa (Sri Lanka Podujana Peramuna)","","National security","25 - 35","Male","Catholic","A/L","Self-employed","Sri Lankan Tamil","Central","Polonnaruwa","Nandasena Gotabaya Rajapaksa","Nandasena Gotabaya Rajapaksa","Nandasena Gotabaya Rajapaksa","Nandasena Gotabaya Rajapaksa","Nandasena Gotabaya Rajapaksa"
"2019/11/08 7:56:47 pm GMT+5:30","Yes","New Democratic Front (NDF)","Sajith Premadasa (New Democratic Front)","","Cost of living","25 - 35","Female","Catholic","A/L","Self-employed","Sri Lankan Tamil","Northern","Jaffna","Sajith Premadasa","Sajith Premadasa","Sajith Premadasa","Nandasena Gotabaya Rajapaksa","Sajith Premadasa"
"2019/11/08 7:59:45 pm GMT+5:30","Yes","Sri Lanka Podujana Peramuna (SLPP)","Nandasena Gotabaya Rajapaksa (Sri Lanka Podujana Peramuna)","","National security","25 - 35","Female","Hinduism","A/L","Private Sector employee","Indian Tamil","Uva","Nuwara Eliya","Nandasena Gotabaya Rajapaksa","Nandasena Gotabaya Rajapaksa","Nandasena Gotabaya Rajapaksa","Nandasena Gotabaya Rajapaksa","Nandasena Gotabaya Rajapaksa"
"2019/11/08 8:01:41 pm GMT+5:30","Not sure","New Democratic Front (NDF)","Sajith Premadasa (New Democratic Front)","","Religious issues","35 - 55","Female","Hinduism","A/L","Housewife","Sinhala","Sabaragamuwa","Kegalle","Nandasena Gotabaya Rajapaksa","Sajith Premadasa","Sajith Premadasa","Sajith Premadasa","Sajith Premadasa"
"2019/11/08 8:03:40 pm GMT+5:30","Yes","Sri Lanka Podujana Peramuna (SLPP)","Nandasena Gotabaya Rajapaksa (Sri Lanka Podujana Peramuna)","","National security","Greater than 55","Female","Catholic","A/L","Housewife","Sri Lankan Tamil","North Western","Puttalam","Nandasena Gotabaya Rajapaksa","Nandasena Gotabaya Rajapaksa","Nandasena Gotabaya Rajapaksa","Nandasena Gotabaya Rajapaksa",""
"2019/11/08 8:05:33 pm GMT+5:30","Yes","New Democratic Front (NDF)","Sajith Premadasa (New Democratic Front)","","National development","25 - 35","Female","Buddhism","Degree / Higher diploma or Professional qualification","Government employee","Sinhala","Sabaragamuwa","Matale","Nandasena Gotabaya Rajapaksa","Sajith Premadasa","Sajith Premadasa","Sajith Premadasa","Sajith Premadasa"
"2019/11/08 8:07:21 pm GMT+5:30","Yes","National People's Power (NPP)","Anura Kumara Dissanayake (National People's Power)","","Cost of living","25 - 35","Female","Catholic","A/L","Self-employed","Sri Lankan Tamil","Uva","Nuwara Eliya","Nandasena Gotabaya Rajapaksa","Anura Kumara Dissanayake","Anura Kumara Dissanayake","Anura Kumara Dissanayake","Anura Kumara Dissanayake"
"2019/11/08 8:08:50 pm GMT+5:30","Not sure","Sri Lanka Podujana Peramuna (SLPP)","Nandasena Gotabaya Rajapaksa (Sri Lanka Podujana Peramuna)","","National security","25 - 35","Female","Buddhism","Degree / Higher diploma or Professional qualification","Private Sector employee","Sinhala","Western","Colombo","Nandasena Gotabaya Rajapaksa","Nandasena Gotabaya Rajapaksa","Nandasena Gotabaya Rajapaksa","Nandasena Gotabaya Rajapaksa","Nandasena Gotabaya Rajapaksa"
"2019/11/08 8:10:16 pm GMT+5:30","Yes","National People's Power (NPP)","Anura Kumara Dissanayake (National People's Power)","","Cost of living","35 - 55","Female","Catholic","A/L","Housewife","Sinhala","North Western","Kurunegala","Nandasena Gotabaya Rajapaksa","Anura Kumara Dissanayake","Anura Kumara Dissanayake","Anura Kumara Dissanayake","Anura Kumara Dissanayake"
"2019/11/08 8:12:50 pm GMT+5:30","Yes","New Democratic Front (NDF)","Sajith Premadasa (New Democratic Front)","","National development","35 - 55","Female","Catholic","A/L","Self-employed","Sinhala","Sabaragamuwa","Matale","Nandasena Gotabaya Rajapaksa","Sajith Premadasa","Sajith Premadasa","Sajith Premadasa","Sajith Premadasa"
"2019/11/08 8:14:24 pm GMT+5:30","Yes","Sri Lanka Podujana Peramuna (SLPP)","Nandasena Gotabaya Rajapaksa (Sri Lanka Podujana Peramuna)","","National development","35 - 55","Female","Hinduism","A/L","Housewife","Sri Lankan Tamil","North Western","Puttalam","Nandasena Gotabaya Rajapaksa","Nandasena Gotabaya Rajapaksa","Nandasena Gotabaya Rajapaksa","Nandasena Gotabaya Rajapaksa","Nandasena Gotabaya Rajapaksa"
"2019/11/08 8:16:33 pm GMT+5:30","Not sure","New Democratic Front (NDF)","Sajith Premadasa (New Democratic Front)","","National development","25 - 35","Female","Buddhism","A/L","Private Sector employee","Sinhala","North Central","Anuradhapura","Sajith Premadasa","Sajith Premadasa","Sajith Premadasa","Sajith Premadasa","Sajith Premadasa"
"2019/11/08 8:18:44 pm GMT+5:30","Not sure","Sri Lanka Podujana Peramuna (SLPP)","Nandasena Gotabaya Rajapaksa (Sri Lanka Podujana Peramuna)","","National development","Less than 25","Female","Buddhism","A/L","Housewife","Sinhala","Central","Anuradhapura","Nandasena Gotabaya Rajapaksa","Nandasena Gotabaya Rajapaksa","Nandasena Gotabaya Rajapaksa","Nandasena Gotabaya Rajapaksa","Nandasena Gotabaya Rajapaksa"
"2019/11/08 8:20:26 pm GMT+5:30","Yes","Sri Lanka Podujana Peramuna (SLPP)","Nandasena Gotabaya Rajapaksa (Sri Lanka Podujana Peramuna)","","Employment opportunities","25 - 35","Female","Catholic","A/L","Private Sector employee","Sinhala","North Western","Puttalam","Nandasena Gotabaya Rajapaksa","Nandasena Gotabaya Rajapaksa","Nandasena Gotabaya Rajapaksa","Nandasena Gotabaya Rajapaksa","Nandasena Gotabaya Rajapaksa"
"2019/11/08 8:21:45 pm GMT+5:30","Not sure","New Democratic Front (NDF)","Sajith Premadasa (New Democratic Front)","","Employment opportunities","Less than 25","Female","Hinduism","A/L","Self-employed","Indian Tamil","Uva","Nuwara Eliya","Nandasena Gotabaya Rajapaksa","Sajith Premadasa","Sajith Premadasa","Sajith Premadasa","Sajith Premadasa"
"2019/11/08 8:23:02 pm GMT+5:30","Yes","Sri Lanka Podujana Peramuna (SLPP)","Nandasena Gotabaya Rajapaksa (Sri Lanka Podujana Peramuna)","","National security","25 - 35","Female","Catholic","Degree / Higher diploma or Professional qualification","Government employee","Sinhala","Western","Kalutara","Nandasena Gotabaya Rajapaksa","Nandasena Gotabaya Rajapaksa","Nandasena Gotabaya Rajapaksa","Nandasena Gotabaya Rajapaksa","Nandasena Gotabaya Rajapaksa"
"2019/11/08 8:24:30 pm GMT+5:30","Not sure","Sri Lanka Podujana Peramuna (SLPP)","Nandasena Gotabaya Rajapaksa (Sri Lanka Podujana Peramuna)","","National security","25 - 35","Female","Hinduism","A/L","Private Sector employee","Sri Lankan Tamil","Northern","Jaffna","Nandasena Gotabaya Rajapaksa","Nandasena Gotabaya Rajapaksa","Nandasena Gotabaya Rajapaksa","Nandasena Gotabaya Rajapaksa","Nandasena Gotabaya Rajapaksa"
"2019/11/08 8:25:53 pm GMT+5:30","Not sure","National People's Power (NPP)","Anura Kumara Dissanayake (National People's Power)","","Cost of living","Less than 25","Female","Buddhism","A/L","Private Sector employee","Sinhala","Uva","Badulla","Nandasena Gotabaya Rajapaksa","Anura Kumara Dissanayake","Anura Kumara Dissanayake","Anura Kumara Dissanayake","Anura Kumara Dissanayake"
"2019/11/08 8:28:13 pm GMT+5:30","Not sure","Sri Lanka Podujana Peramuna (SLPP)","Nandasena Gotabaya Rajapaksa (Sri Lanka Podujana Peramuna)","","Cost of living","25 - 35","Female","Catholic","A/L","Housewife","Sinhala","North Western","Kurunegala","Nandasena Gotabaya Rajapaksa","Nandasena Gotabaya Rajapaksa","Nandasena Gotabaya Rajapaksa","Nandasena Gotabaya Rajapaksa","Nandasena Gotabaya Rajapaksa"
"2019/11/08 8:30:10 pm GMT+5:30","Not sure","New Democratic Front (NDF)","Sajith Premadasa (New Democratic Front)","","National development","35 - 55","Female","Catholic","O/L","Government employee","Sinhala","Sabaragamuwa","Kegalle","Nandasena Gotabaya Rajapaksa","Sajith Premadasa","Sajith Premadasa","Sajith Premadasa","Sajith Premadasa"
"2019/11/08 8:32:53 pm GMT+5:30","Yes","Sri Lanka Podujana Peramuna (SLPP)","Nandasena Gotabaya Rajapaksa (Sri Lanka Podujana Peramuna)","","National security","25 - 35","Female","Catholic","Degree / Higher diploma or Professional qualification","Government employee","Sinhala","Western","Kalutara","Nandasena Gotabaya Rajapaksa","Nandasena Gotabaya Rajapaksa","Nandasena Gotabaya Rajapaksa","Nandasena Gotabaya Rajapaksa","Nandasena Gotabaya Rajapaksa"
"2019/11/08 8:34:59 pm GMT+5:30","Yes","New Democratic Front (NDF)","Sajith Premadasa (New Democratic Front)","","National development","Less than 25","Female","Buddhism","A/L","Housewife","Sinhala","Southern","Hambantota","Nandasena Gotabaya Rajapaksa","Sajith Premadasa","Sajith Premadasa","Sajith Premadasa","Sajith Premadasa"
"2019/11/08 8:37:26 pm GMT+5:30","Yes","Sri Lanka Podujana Peramuna (SLPP)","Nandasena Gotabaya Rajapaksa (Sri Lanka Podujana Peramuna)","","National development","25 - 35","Female","Buddhism","Degree / Higher diploma or Professional qualification","Government employee","Sinhala","North Central","Kilinochchi","Nandasena Gotabaya Rajapaksa","Nandasena Gotabaya Rajapaksa","Nandasena Gotabaya Rajapaksa","Nandasena Gotabaya Rajapaksa","Nandasena Gotabaya Rajapaksa"
"2019/11/09 7:20:30 am GMT+5:30","Yes","Sri Lanka Podujana Peramuna (SLPP)","Mahesh Senanayake (National People's Party)","Only honest candidate","National security","35 - 55","Female","Catholic","Degree / Higher diploma or Professional qualification","Government employee","Sinhala","Southern","Matara","Mahesh Senanayake","Nandasena Gotabaya Rajapaksa","Sajith Premadasa","Sajith Premadasa","Sajith Premadasa"